{
  "hub": {
    "doc0": 1.0,
    "doc1": 0.0,
    "doc2": 0.0,
    "doc3": 0.0,
    "doc4": 0.07496070312378954,
    "doc5": 0.03778635246523125,
    "doc6": 0.0,
    "doc7": 0.9684588273314101,
    "doc8": 0.0,
    "doc9": 0.9684588273314101,
    "doc10": 0.0,
    "doc11": 0.0,
    "doc12": 0.0,
    "doc13": 0.03778635246523125,
    "doc14": 0.0,
    "doc15": 0.9684588273314101,
    "doc16": 0.0,
    "doc17": 0.0,
    "doc18": 0.0,
    "doc19": 0.9684588273314101,
    "doc20": 0.0,
    "doc21": 0.9684588273314101,
    "doc22": 0.0,
    "doc23": 0.036969242412420694,
    "doc24": 0.036969242412420694,
    "doc25": 0.03778635246523125,
    "doc26": 4.305693323894931e-12,
    "doc27": 0.0,
    "doc28": 0.9684588273314101,
    "doc29": 0.0
  },
  "auth": {
    "doc0": 1.1394837138241307e-10,
    "doc1": 0.0,
    "doc2": 0.9730935066640327,
    "doc3": 0.9730935066640327,
    "doc4": 0.9783755245081565,
    "doc5": 0.9730935066640327,
    "doc6": 0.9730935066640327,
    "doc7": 0.8347239310174795,
    "doc8": 1.0,
    "doc9": 0.8347239310174795,
    "doc10": 0.9730935066640327,
    "doc11": 0.9730935066640327,
    "doc12": 0.9730935066640327,
    "doc13": 0.9730935066640327,
    "doc14": 0.9730935066640327,
    "doc15": 0.8347239310174795,
    "doc16": 0.9730935066640327,
    "doc17": 0.9730935066640327,
    "doc18": 0.9730935066640327,
    "doc19": 0.8347239310174795,
    "doc20": 0.9730935066640327,
    "doc21": 0.8347239310174795,
    "doc22": 0.9730935066640327,
    "doc23": 0.9730935066640327,
    "doc24": 0.9838036283804823,
    "doc25": 0.9730935066640327,
    "doc26": 0.9730935066640327,
    "doc27": 0.9730935066640327,
    "doc28": 0.8347239310174795,
    "doc29": 0.9783755245081565
  }
}