{
  "pagerank_scores": {
    "doc0": 0.010535547616415213,
    "doc1": 0.005000000000000001,
    "doc2": 0.006512406869834417,
    "doc3": 0.006512406869834417,
    "doc4": 0.018923993370971552,
    "doc5": 0.006512406869834417,
    "doc6": 0.006512406869834417,
    "doc7": 0.006313643946017214,
    "doc8": 0.031170396115205973,
    "doc9": 0.006313643946017214,
    "doc10": 0.006512406869834417,
    "doc11": 0.006512406869834417,
    "doc12": 0.006512406869834417,
    "doc13": 0.006512406869834417,
    "doc14": 0.006512406869834417,
    "doc15": 0.006313643946017214,
    "doc16": 0.006512406869834417,
    "doc17": 0.006512406869834417,
    "doc18": 0.006512406869834417,
    "doc19": 0.006313643946017214,
    "doc20": 0.006512406869834417,
    "doc21": 0.006313643946017214,
    "doc22": 0.006512406869834417,
    "doc23": 0.006512406869834417,
    "doc24": 0.014563753265960336,
    "doc25": 0.006512406869834417,
    "doc26": 0.006512406869834417,
    "doc27": 0.006512406869834417,
    "doc28": 0.006313643946017214,
    "doc29": 0.01204795448624963
  },
  "top_10": {
    "doc8": 0.031170396115205973,
    "doc4": 0.018923993370971552,
    "doc24": 0.014563753265960336,
    "doc29": 0.01204795448624963,
    "doc0": 0.010535547616415213,
    "doc2": 0.006512406869834417,
    "doc3": 0.006512406869834417,
    "doc5": 0.006512406869834417,
    "doc6": 0.006512406869834417,
    "doc10": 0.006512406869834417
  }
}